"dt","day_type","idx"
"2019-01-01","Weekend / Holiday",0.6350616096552376
"2019-01-02","Weekday",0.344156276185976
"2019-01-03","Weekday",0.58406489
"2019-01-04","Weekday",0.75801535
"2019-01-05","Weekend / Holiday",0.6060645
"2019-01-06","Weekend / Holiday",0.663806
"2019-01-07","Weekday",0.49775964954018964
"2019-01-08","Weekday",0.5843987704066648
"2019-01-09","Weekday",0.5907566968362434
"2019-01-10","Weekday",0.40921471
"2019-01-11","Weekday",0.303124
"2019-01-12","Weekend / Holiday",0.289567
"2019-01-13","Weekend / Holiday",0.2494365
"2019-01-14","Weekday",0.47718684
"2019-01-15","Weekday",0.5575841
"2019-01-16","Weekday",0.55584119
"2019-01-17","Weekday",0.47431945
"2019-01-18","Weekday",0.4787835315773969
"2019-01-19","Weekend / Holiday",0.01618786213198913
"2019-01-20","Weekend / Holiday",-0.0706705
"2019-01-21","Weekday",0.16571744
"2019-01-22","Weekday",0.59699539
"2019-01-23","Weekday",0.29807437785370433
"2019-01-24","Weekday",0.4228758420692885
"2019-01-25","Weekday",0.49163549
"2019-01-26","Weekend / Holiday",0.3351065
"2019-01-27","Weekend / Holiday",0.24088998454072374
"2019-01-28","Weekday",0.24088998454072374
"2019-01-29","Weekday",NULL
"2019-01-30","Weekday",NULL
"2019-01-31","Weekday",NULL
"2019-02-01","Weekday",NULL
"2019-02-02","Weekend / Holiday",NULL
"2019-02-03","Weekend / Holiday",NULL
"2019-02-04","Weekday",0.8353770868362435
"2019-02-05","Weekday",0.8353770868362435
"2019-02-06","Weekday",0.21889504256698256
"2019-02-07","Weekday",0.6525996968362435
"2019-02-08","Weekday",0.760769
"2019-02-09","Weekend / Holiday",0.4257915
"2019-02-10","Weekend / Holiday",0.408649
"2019-02-11","Weekday",0.48814899
"2019-02-12","Weekday",0.12579940150455884
"2019-02-13","Weekday",0.67064509
"2019-02-14","Weekday",0.69532644
"2019-02-15","Weekday",0.59981996
"2019-02-16","Weekend / Holiday",0.4751215
"2019-02-17","Weekend / Holiday",0.356029
"2019-02-18","Weekend / Holiday",0.30682112425484115
"2019-02-19","Weekday",0.51226776
"2019-02-20","Weekday",0.48931404952963237
"2019-02-21","Weekday",0.7762856
"2019-02-22","Weekday",0.72180655
"2019-02-23","Weekend / Holiday",0.663753
"2019-02-24","Weekend / Holiday",0.5076560593731902
"2019-02-25","Weekday",0.58591814
"2019-02-26","Weekday",0.46071195
"2019-02-27","Weekday",0.2946933833171463
"2019-02-28","Weekday",0.42967739
"2019-03-01","Weekday",0.60908134
"2019-03-02","Weekend / Holiday",0.4205027383942769
"2019-03-03","Weekend / Holiday",0.526613
"2019-03-04","Weekday",0.42045679
"2019-03-05","Weekday",0.39116514
"2019-03-06","Weekday",0.38110135
"2019-03-07","Weekday",0.50169724
"2019-03-08","Weekday",0.62352999
"2019-03-09","Weekend / Holiday",0.5948657550214491
"2019-03-10","Weekend / Holiday",0.44184070524097835
"2019-03-11","Weekday",0.78752904
"2019-03-12","Weekday",0.80625085
"2019-03-13","Weekday",0.7769592
"2019-03-14","Weekday",0.6691537701713044
"2019-03-15","Weekday",1.0042656868362434
"2019-03-16","Weekend / Holiday",0.7319505
"2019-03-17","Weekend / Holiday",0.739276
"2019-03-18","Weekday",0.80095852
"2019-03-19","Weekday",0.86264104
"2019-03-20","Weekday",0.90233362
"2019-03-21","Weekday",0.9420262
"2019-03-22","Weekday",0.87675255
"2019-03-23","Weekend / Holiday",0.897413
"2019-03-24","Weekend / Holiday",1.0584035
"2019-03-25","Weekday",0.78404254
"2019-03-26","Weekday",0.81355895
"2019-03-27","Weekday",0.9785701
"2019-03-28","Weekday",1.0097184968362434
"2019-03-29","Weekday",1.0962986
"2019-03-30","Weekend / Holiday",0.32657141478956864
"2019-03-31","Weekend / Holiday",0.5230632650643473
"2019-04-01","Weekday",0.84650465
"2019-04-02","Weekday",0.9899266
"2019-04-03","Weekday",1.00741155
"2019-04-04","Weekday",0.90491904
"2019-04-05","Weekday",0.88046245
"2019-04-06","Weekend / Holiday",1.179402
"2019-04-07","Weekend / Holiday",0.8836363289657128
"2019-04-08","Weekday",1.245033007021962
"2019-04-09","Weekday",1.15426279
"2019-04-10","Weekday",1.00263234
"2019-04-11","Weekday",0.8453515170219619
"2019-04-12","Weekday",1.0560670750312005
"2019-04-13","Weekend / Holiday",1.3068635
"2019-04-14","Weekend / Holiday",0.4317418044587702
"2019-04-15","Weekday",0.9796342830267931
"2019-04-16","Weekday",0.9766590568362434
"2019-04-17","Weekday",1.10343779
"2019-04-18","Weekday",1.3042010198110032
"2019-04-19","Weekend / Holiday",0.864513
"2019-04-20","Weekend / Holiday",0.75855503822643
"2019-04-21","Weekend / Holiday",1.122917
"2019-04-22","Weekend / Holiday",1.3545325
"2019-04-23","Weekday",1.0970743885220908
"2019-04-24","Weekday",1.23117355
"2019-04-25","Weekday",1.1479089
"2019-04-26","Weekday",0.6315262583624349
"2019-04-27","Weekend / Holiday",1.108479
"2019-04-28","Weekend / Holiday",1.213027
"2019-04-29","Weekday",0.9748030868362435
"2019-04-30","Weekday",1.072931291577397
"2019-05-01","Weekday",0.6200189411638786
"2019-05-02","Weekday",0.8853423596220065
"2019-05-03","Weekday",0.7677377661289381
"2019-05-04","Weekend / Holiday",1.1859756096552376
"2019-05-05","Weekend / Holiday",1.3922035
"2019-05-06","Weekday",1.56917891
"2019-05-07","Weekday",1.1301376895401896
"2019-05-08","Weekday",1.17472615
"2019-05-09","Weekday",1.0165437190592648
"2019-05-10","Weekday",1.0576234749814082
"2019-05-11","Weekend / Holiday",1.2569055
"2019-05-12","Weekend / Holiday",1.0357773447330925
"2019-05-13","Weekday",0.8108793477615595
"2019-05-14","Weekday",1.3506391198110033
"2019-05-15","Weekday",1.448017353026793
"2019-05-16","Weekday",1.448017353026793
"2019-05-17","Weekday",1.346547
"2019-05-18","Weekend / Holiday",1.346547
"2019-05-19","Weekend / Holiday",1.2572252030601487
"2019-05-20","Weekend / Holiday",1.574734
"2019-05-21","Weekday",1.5695719
"2019-05-22","Weekday",1.5695719
"2019-05-23","Weekday",NULL
"2019-05-24","Weekday",1.1396192717295286
"2019-05-25","Weekend / Holiday",1.1396192717295286
"2019-05-26","Weekend / Holiday",1.6632575
"2019-05-27","Weekday",1.61308744
"2019-05-28","Weekday",1.1376813473449738
"2019-05-29","Weekday",1.37869839
"2019-05-30","Weekday",1.61865331
"2019-05-31","Weekday",1.4729824
"2019-06-01","Weekend / Holiday",1.4729824
"2019-06-02","Weekend / Holiday",NULL
"2019-06-03","Weekday",NULL
"2019-06-04","Weekday",NULL
"2019-06-05","Weekday",1.6194965
"2019-06-06","Weekday",1.6194965
"2019-06-07","Weekday",1.62854819
"2019-06-08","Weekend / Holiday",1.6827425
"2019-06-09","Weekend / Holiday",1.6827425
"2019-06-10","Weekday",0.9292757253507353
"2019-06-11","Weekday",1.2181079626753677
"2019-06-12","Weekday",1.5069402
"2019-06-13","Weekday",0.8592412884665647
"2019-06-14","Weekday",1.63411406
"2019-06-15","Weekend / Holiday",1.5128546096552375
"2019-06-16","Weekend / Holiday",1.5270169498276187
"2019-06-17","Weekday",1.54117929
"2019-06-18","Weekday",1.54117929
"2019-06-19","Weekday",1.0635060621071721
"2019-06-20","Weekday",1.0635060621071721
"2019-06-21","Weekday",1.63473249
"2019-06-22","Weekend / Holiday",1.6879385
"2019-06-23","Weekend / Holiday",1.6879385
"2019-06-24","Weekday",1.1449130666428304
"2019-06-25","Weekday",1.63473249
"2019-06-26","Weekday",1.5764319368362434
"2019-06-27","Weekday",1.63411406
"2019-06-28","Weekday",1.0658705581242636
"2019-06-29","Weekend / Holiday",1.5082649845407237
"2019-06-30","Weekend / Holiday",1.684691
"2019-07-01","Weekend / Holiday",1.6840415
"2019-07-02","Weekday",1.63102191
"2019-07-03","Weekday",1.62978505
"2019-07-04","Weekday",1.628857405
"2019-07-05","Weekday",1.62792976
"2019-07-06","Weekend / Holiday",1.5610116563604826
"2019-07-07","Weekend / Holiday",1.679495
"2019-07-08","Weekday",1.62483761
"2019-07-09","Weekday",1.62360075
"2019-07-10","Weekday",1.62236389
"2019-07-11","Weekday",1.5634449068362435
"2019-07-12","Weekday",1.61927174
"2019-07-13","Weekend / Holiday",1.1873452751072455
"2019-07-14","Weekend / Holiday",1.6684535
"2019-07-15","Weekday",1.61556116
"2019-07-16","Weekday",1.373944961273894
"2019-07-17","Weekday",1.1075714090550164
"2019-07-18","Weekday",1.3578557045275081
"2019-07-19","Weekday",1.60814
"2019-07-20","Weekend / Holiday",1.3998330392912703
"2019-07-21","Weekend / Holiday",1.6567625
"2019-07-22","Weekday",1.4941222123009117
"2019-07-23","Weekday",1.60071884
"2019-07-24","Weekday",1.59886355
"2019-07-25","Weekday",1.59700826
"2019-07-26","Weekday",1.59453454
"2019-07-27","Weekend / Holiday",1.490811161093726
"2019-07-28","Weekend / Holiday",1.641824
"2019-07-29","Weekday",1.45736781
"2019-07-30","Weekday",0.8712250551339653
"2019-07-31","Weekday",1.5834028
"2019-08-01","Weekday",1.58154751
"2019-08-02","Weekday",1.57907379
"2019-08-03","Weekend / Holiday",1.626236
"2019-08-04","Weekend / Holiday",1.6242875
"2019-08-05","Weekend / Holiday",1.622339
"2019-08-06","Weekday",1.2782945741812173
"2019-08-07","Weekday",1.56670519
"2019-08-08","Weekday",1.3390528285220908
"2019-08-09","Weekday",1.56175775
"2019-08-10","Weekend / Holiday",1.60805
"2019-08-11","Weekend / Holiday",1.6061015
"2019-08-12","Weekday",1.4954176068362435
"2019-08-13","Weekday",1.55124444
"2019-08-14","Weekday",1.54815229
"2019-08-15","Weekday",1.454115731577397
"2019-08-16","Weekday",1.54320485
"2019-08-17","Weekend / Holiday",1.183723560053422
"2019-08-18","Weekend / Holiday",1.3979788846533503
"2019-08-19","Weekday",1.4756278468362434
"2019-08-20","Weekday",1.53207311
"2019-08-21","Weekday",1.3446184231547937
"2019-08-22","Weekday",1.52650724
"2019-08-23","Weekday",1.52341509
"2019-08-24","Weekend / Holiday",1.567781
"2019-08-25","Weekend / Holiday",1.5658325
"2019-08-26","Weekday",1.51413864
"2019-08-27","Weekday",1.0786780158301086
"2019-08-28","Weekday",1.4508906468362435
"2019-08-29","Weekday",1.50609905
"2019-08-30","Weekday",1.5030069
"2019-08-31","Weekend / Holiday",1.5476465
"2019-09-01","Weekend / Holiday",1.456540624254841
"2019-09-02","Weekend / Holiday",1.5411515
"2019-09-03","Weekday",1.1608405680878475
"2019-09-04","Weekday",1.48878301
"2019-09-05","Weekday",1.48569086
"2019-09-06","Weekday",1.3589245605329427
"2019-09-07","Weekend / Holiday",1.524914
"2019-09-08","Weekend / Holiday",1.477458
"2019-09-09","Weekday",1.41277129
"2019-09-10","Weekday",0.922389359040104
"2019-09-11","Weekday",1.33677396
"2019-09-12","Weekday",1.3661650568362436
"2019-09-13","Weekday",1.1850282847321907
"2019-09-14","Weekend / Holiday",1.502831
"2019-09-15","Weekend / Holiday",1.1855821503224073
"2019-09-16","Weekday",1.3436202868362435
"2019-09-17","Weekday",1.44920349
"2019-09-18","Weekday",1.44611134
"2019-09-19","Weekday",1.44301919
"2019-09-20","Weekday",1.43992704
"2019-09-21","Weekend / Holiday",1.4800985
"2019-09-22","Weekend / Holiday",1.476851
"2019-09-23","Weekday",1.2878439830267931
"2019-09-24","Weekday",1.42755844
"2019-09-25","Weekday",1.42446629
"2019-09-26","Weekday",1.1417745093106872
"2019-09-27","Weekday",1.41828199
"2019-09-28","Weekend / Holiday",1.196882226071565
"2019-09-29","Weekend / Holiday",1.2583745
"2019-09-30","Weekday",1.31545234
"2019-10-01","Weekday",0.9834857497963788
"2019-10-02","Weekday",0.9319498070399288
"2019-10-03","Weekday",0.9778812295296323
"2019-10-04","Weekday",1.13037014
"2019-10-05","Weekend / Holiday",1.2307335
"2019-10-06","Weekend / Holiday",1.2822977286973922
"2019-10-07","Weekday",1.32978929
"2019-10-08","Weekday",1.25473314
"2019-10-09","Weekday",1.25164099
"2019-10-10","Weekday",1.23775424
"2019-10-11","Weekday",1.26828275
"2019-10-12","Weekend / Holiday",1.0107141146096497
"2019-10-13","Weekend / Holiday",1.2822355
"2019-10-14","Weekend / Holiday",1.115868
"2019-10-15","Weekday",1.14796815
"2019-10-16","Weekday",0.47719470523390384
"2019-10-17","Weekday",0.97502979
"2019-10-18","Weekday",1.0703259
"2019-10-19","Weekend / Holiday",1.0479155
"2019-10-20","Weekend / Holiday",1.147917
"2019-10-21","Weekday",0.9938050430267931
"2019-10-22","Weekday",0.805163619244013
"2019-10-23","Weekday",1.13166421
"2019-10-24","Weekday",1.1062535068362436
"2019-10-25","Weekday",1.01753391
"2019-10-26","Weekend / Holiday",0.6174712738814788
"2019-10-27","Weekend / Holiday",0.4518128528117724
"2019-10-28","Weekday",1.11322369
"2019-10-29","Weekday",1.0698219868362435
"2019-10-30","Weekday",0.41586902188508046
"2019-10-31","Weekday",0.3653702167529909
"2019-11-01","Weekday",0.7379443968362435
"2019-11-02","Weekend / Holiday",0.8036623775107246
"2019-11-03","Weekend / Holiday",0.8080055
"2019-11-04","Weekday",0.8960404368362435
"2019-11-05","Weekday",0.90087404
"2019-11-06","Weekday",0.7003883968362434
"2019-11-07","Weekday",0.4517755482153009
"2019-11-08","Weekday",0.60857665
"2019-11-09","Weekend / Holiday",0.70613
"2019-11-10","Weekend / Holiday",0.82995
"2019-11-11","Weekday",0.2165793436965021
"2019-11-12","Weekday",0.4301848
"2019-11-13","Weekday",0.5211533568362435
"2019-11-14","Weekday",0.5540432068362435
"2019-11-15","Weekday",0.69982504
"2019-11-16","Weekend / Holiday",0.5091615
"2019-11-17","Weekend / Holiday",0.6568
"2019-11-18","Weekday",0.3737301800624007
"2019-11-19","Weekday",0.67255759
"2019-11-20","Weekday",0.86984016
"2019-11-21","Weekday",0.6119758712738941
"2019-11-22","Weekday",0.92544369
"2019-11-23","Weekend / Holiday",0.676434
"2019-11-24","Weekend / Holiday",0.732227
"2019-11-25","Weekday",0.76813499
"2019-11-26","Weekday",0.91504276
"2019-11-27","Weekday",0.5051945210174609
"2019-11-28","Weekday",0.77881721
"2019-11-29","Weekday",0.51727309
"2019-11-30","Weekend / Holiday",0.468999
"2019-12-01","Weekend / Holiday",0.15923746908144737
"2019-12-02","Weekday",0.341401266185976
"2019-12-03","Weekday",0.57585639
"2019-12-04","Weekday",0.6531615
"2019-12-05","Weekday",0.59435344
"2019-12-06","Weekday",0.21311776261695192
"2019-12-07","Weekend / Holiday",0.4661135
"2019-12-08","Weekend / Holiday",0.6931825
"2019-12-09","Weekday",0.40127435359019364
"2019-12-10","Weekday",0.7793812468362434
"2019-12-11","Weekday",0.4382816
"2019-12-12","Weekday",0.59536554
"2019-12-13","Weekday",0.70629131
"2019-12-14","Weekend / Holiday",0.013544205987022672
"2019-12-15","Weekend / Holiday",0.5574905
"2019-12-16","Weekday",0.56112645
"2019-12-17","Weekday",0.57788059
"2019-12-18","Weekday",0.46273819
"2019-12-19","Weekday",0.24301806981100327
"2019-12-20","Weekday",0.40814676
"2019-12-21","Weekend / Holiday",0.5521135
"2019-12-22","Weekend / Holiday",0.653414
"2019-12-23","Weekday",0.84414739
"2019-12-24","Weekday",0.62763696
"2019-12-25","Weekend / Holiday",0.5480355
"2019-12-26","Weekend / Holiday",0.6186605
"2019-12-27","Weekday",0.91611139
"2019-12-28","Weekend / Holiday",0.6064265
"2019-12-29","Weekend / Holiday",0.25865768042733284
"2019-12-30","Weekday",0.34926275515847416
"2019-12-31","Weekday",0.5488981070219618
"2020-01-01","Weekend / Holiday",0.522737
"2020-01-02","Weekday",0.6937538
"2020-01-03","Weekday",0.77774926
"2020-01-04","Weekend / Holiday",0.48772386213198915
"2020-01-05","Weekend / Holiday",0.36325073839427685
"2020-01-06","Weekday",0.62971701
"2020-01-07","Weekday",0.6603579
"2020-01-08","Weekday",0.4614674915773969
"2020-01-09","Weekday",0.62263299
"2020-01-10","Weekday",0.5594847731547938
"2020-01-11","Weekend / Holiday",0.11646820237168624
"2020-01-12","Weekend / Holiday",0.1288106541734412
"2020-01-13","Weekday",0.62162089
"2020-01-14","Weekday",0.62162089
"2020-01-15","Weekday",0.64579619
"2020-01-16","Weekday",0.64579619
"2020-01-17","Weekday",0.30160585
"2020-01-18","Weekend / Holiday",0.2511608626751599
"2020-01-19","Weekend / Holiday",0.54186
"2020-01-20","Weekday",0.39774515
"2020-01-21","Weekday",0.47876084
"2020-01-22","Weekday",0.57478776
"2020-01-23","Weekday",0.62701785
"2020-01-24","Weekday",0.048983095331347246
"2020-01-25","Weekend / Holiday",0.3516849288583159
"2020-01-26","Weekend / Holiday",0.5504633515300744
"2020-01-27","Weekday",0.6542853
"2020-01-28","Weekday",0.64534599
"2020-01-29","Weekday",0.53689394
"2020-01-30","Weekday",0.52857306
"2020-01-31","Weekday",0.58923641
"2020-02-01","Weekend / Holiday",0.5096523775107246
"2020-02-02","Weekend / Holiday",0.379465491640589
"2020-02-03","Weekday",0.77594914
"2020-02-04","Weekday",0.69926246
"2020-02-05","Weekday",0.41463368157739694
"2020-02-06","Weekday",0.2673558885220909
"2020-02-07","Weekday",0.41511849683624347
"2020-02-08","Weekend / Holiday",0.311139
"2020-02-09","Weekend / Holiday",0.394872491640589
"2020-02-10","Weekday",0.75132364
"2020-02-11","Weekday",0.70044279
"2020-02-12","Weekday",0.65973811
"2020-02-13","Weekday",0.50008246
"2020-02-14","Weekday",0.34928081
"2020-02-15","Weekend / Holiday",0.606448
"2020-02-16","Weekend / Holiday",0.7021905
"2020-02-17","Weekend / Holiday",0.572163
"2020-02-18","Weekday",0.4998276628660642
"2020-02-19","Weekday",0.6333697
"2020-02-20","Weekday",0.46374825
"2020-02-21","Weekday",0.6539468
"2020-02-22","Weekend / Holiday",0.7489225
"2020-02-23","Weekend / Holiday",0.81334
"2020-02-24","Weekday",0.91026219
"2020-02-25","Weekday",0.7600036715773969
"2020-02-26","Weekday",0.45454700006499515
"2020-02-27","Weekday",0.4772692070219619
"2020-02-28","Weekday",0.4865192368362435
"2020-02-29","Weekend / Holiday",0.473961
"2020-03-01","Weekend / Holiday",0.717161
"2020-03-02","Weekday",0.61360804
"2020-03-03","Weekday",0.36242136664283037
"2020-03-04","Weekday",0.88411854
"2020-03-05","Weekday",0.81822646
"2020-03-06","Weekday",0.655308210882376
"2020-03-07","Weekend / Holiday",0.7413735
"2020-03-08","Weekend / Holiday",0.928131
"2020-03-09","Weekday",1.07229289
"2020-03-10","Weekday",0.8168322347321907
"2020-03-11","Weekday",0.80799376
"2020-03-12","Weekday",0.8202726715773969
"2020-03-13","Weekday",0.6844955477615594
"2020-03-14","Weekend / Holiday",0.808964
"2020-03-15","Weekend / Holiday",0.742236
"2020-03-16","Weekday",0.7086212770219619
"2020-03-17","Weekday",1.01427149
"2020-03-18","Weekday",0.7244507336724869
"2020-03-19","Weekday",0.6977042975792371
"2020-03-20","Weekday",1.0833754995859068
"2020-03-21","Weekend / Holiday",0.6237185
"2020-03-22","Weekend / Holiday",0.769696
"2020-03-23","Weekday",0.45300391676938695
"2020-03-24","Weekday",0.90638134
"2020-03-25","Weekday",0.93825909
"2020-03-26","Weekday",1.19682344
"2020-03-27","Weekday",0.98042539
"2020-03-28","Weekend / Holiday",0.779250269113215
"2020-03-29","Weekend / Holiday",1.0219911614487742
"2020-03-30","Weekday",0.8370674061801615
"2020-03-31","Weekday",0.8935904170219618
"2020-04-01","Weekday",1.06425194
"2020-04-02","Weekday",1.26164689
"2020-04-03","Weekday",1.093397371577397
"2020-04-04","Weekend / Holiday",1.1177635
"2020-04-05","Weekend / Holiday",1.1774535
"2020-04-06","Weekday",1.20205149
"2020-04-07","Weekday",0.8148293663095877
"2020-04-08","Weekday",1.181589683672487
"2020-04-09","Weekday",0.7480672549814082
"2020-04-10","Weekend / Holiday",1.038727
"2020-04-11","Weekend / Holiday",1.0827545
"2020-04-12","Weekend / Holiday",1.1279968775107245
"2020-04-13","Weekday",0.7791289884368554
"2020-04-14","Weekday",1.03186746
"2020-04-15","Weekday",0.97738841
"2020-04-16","Weekday",0.9828419
"2020-04-17","Weekday",0.99313045
"2020-04-18","Weekend / Holiday",1.081019
"2020-04-19","Weekend / Holiday",1.1528588775107245
"2020-04-20","Weekday",0.9988087
"2020-04-21","Weekday",0.9464691436724869
"2020-04-22","Weekday",1.05413094
"2020-04-23","Weekday",1.00808515
"2020-04-24","Weekday",1.16826124
"2020-04-25","Weekend / Holiday",1.2520395
"2020-04-26","Weekend / Holiday",1.0973932286973922
"2020-04-27","Weekday",1.29925806
"2020-04-28","Weekday",1.16797995
"2020-04-29","Weekday",1.1906091270219619
"2020-04-30","Weekday",0.7945090668186804
"2020-05-01","Weekday",1.3526405070219618
"2020-05-02","Weekend / Holiday",1.248187255021449
"2020-05-03","Weekend / Holiday",1.6125965
"2020-05-04","Weekday",1.2697975
"2020-05-05","Weekday",1.12660031
"2020-05-06","Weekday",1.2292052
"2020-05-07","Weekday",1.0034739920692886
"2020-05-08","Weekday",1.07223364
"2020-05-09","Weekend / Holiday",1.090538
"2020-05-10","Weekend / Holiday",1.1781245
"2020-05-11","Weekday",0.8918291347321907
"2020-05-12","Weekday",1.18523946
"2020-05-13","Weekday",1.27468841
"2020-05-14","Weekday",0.9753814075792371
"2020-05-15","Weekday",1.068783709244013
"2020-05-16","Weekend / Holiday",1.4370935
"2020-05-17","Weekend / Holiday",1.2531606135706563
"2020-05-18","Weekend / Holiday",1.0957442723453485
"2020-05-19","Weekday",1.46696701
"2020-05-20","Weekday",1.4868133
"2020-05-21","Weekday",1.43469559
"2020-05-22","Weekday",1.59549011
"2020-05-23","Weekend / Holiday",1.66001
"2020-05-24","Weekend / Holiday",1.6578805
"2020-05-25","Weekday",1.61123215
"2020-05-26","Weekday",1.61308744
"2020-05-27","Weekday",1.61556116
"2020-05-28","Weekday",1.2663762710174609
"2020-05-29","Weekday",1.3854510973449738
"2020-05-30","Weekend / Holiday",1.626843
"2020-05-31","Weekend / Holiday",1.522114
"2020-06-01","Weekday",1.62236389
"2020-06-02","Weekday",1.1153483108133295
"2020-06-03","Weekday",1.36410961
"2020-06-04","Weekday",1.62545604
"2020-06-05","Weekday",1.0083221526647141
"2020-06-06","Weekend / Holiday",1.6814435
"2020-06-07","Weekend / Holiday",1.6814435
"2020-06-08","Weekday",1.62978505
"2020-06-09","Weekday",1.3664364986678645
"2020-06-10","Weekday",1.103087947335729
"2020-06-11","Weekday",1.6328772
"2020-06-12","Weekday",1.6004934
"2020-06-13","Weekend / Holiday",1.528247
"2020-06-14","Weekend / Holiday",1.556793
"2020-06-15","Weekday",1.63113429
"2020-06-16","Weekday",1.63473249
"2020-06-17","Weekday",1.63473249
"2020-06-18","Weekday",1.63596935
"2020-06-19","Weekday",1.63473249
"2020-06-20","Weekend / Holiday",1.6879385
"2020-06-21","Weekend / Holiday",1.6879385
"2020-06-22","Weekday",1.63473249
"2020-06-23","Weekday",1.3772842180415346
"2020-06-24","Weekday",1.63473249
"2020-06-25","Weekday",1.63473249
"2020-06-26","Weekday",1.63411406
"2020-06-27","Weekend / Holiday",1.610808330546863
"2020-06-28","Weekend / Holiday",1.6389183775107246
"2020-06-29","Weekday",1.6328772
"2020-06-30","Weekday",1.63164034
"2020-07-01","Weekend / Holiday",1.6840415
"2020-07-02","Weekday",1.62978505
"2020-07-03","Weekday",1.62978505
"2020-07-04","Weekend / Holiday",1.680794
"2020-07-05","Weekend / Holiday",1.680794
"2020-07-06","Weekday",1.6266929
"2020-07-07","Weekday",1.62483761
"2020-07-08","Weekday",1.0889162956427523
"2020-07-09","Weekday",1.62236389
"2020-07-10","Weekday",1.5634449068362435
"2020-07-11","Weekend / Holiday",1.281724574045815
"2020-07-12","Weekend / Holiday",1.3307340049457492
"2020-07-13","Weekday",1.61741645
"2020-07-14","Weekday",1.61556116
"2020-07-15","Weekday",1.6143243
"2020-07-16","Weekday",1.379266797344974
"2020-07-17","Weekday",1.60999529
"2020-07-18","Weekend / Holiday",1.66001
"2020-07-19","Weekend / Holiday",1.156028745529047
"2020-07-20","Weekday",1.60504785
"2020-07-21","Weekday",1.60319256
"2020-07-22","Weekday",1.0218725202569565
"2020-07-23","Weekday",1.60010041
"2020-07-24","Weekday",1.59762669
"2020-07-25","Weekend / Holiday",1.64702
"2020-07-26","Weekend / Holiday",1.6450715
"2020-07-27","Weekday",1.59144239
"2020-07-28","Weekday",1.5895871
"2020-07-29","Weekday",1.4228329440439238
"2020-07-30","Weekday",1.5834028
"2020-07-31","Weekday",1.58154751
"2020-08-01","Weekend / Holiday",1.4186408447330925
"2020-08-02","Weekend / Holiday",1.05214819750971
"2020-08-03","Weekend / Holiday",1.1528289902666407
"2020-08-04","Weekday",1.3249227610658856
"2020-08-05","Weekday",1.5114967868362434
"2020-08-06","Weekday",1.56794205
"2020-08-07","Weekday",1.5648499
"2020-08-08","Weekend / Holiday",1.6125965
"2020-08-09","Weekend / Holiday",1.609349
"2020-08-10","Weekday",1.55742874
"2020-08-11","Weekday",1.55371816
"2020-08-12","Weekday",1.55124444
"2020-08-13","Weekday",1.54938915
"2020-08-14","Weekday",1.546297
"2020-08-15","Weekend / Holiday",1.5918125
"2020-08-16","Weekend / Holiday",1.5214576096552377
"2020-08-17","Weekday",1.025013828756162
"2020-08-18","Weekday",1.53578369
"2020-08-19","Weekday",1.53269154
"2020-08-20","Weekday",1.52959939
"2020-08-21","Weekday",1.52650724
"2020-08-22","Weekend / Holiday",1.5710285
"2020-08-23","Weekend / Holiday",1.56908
"2020-08-24","Weekday",1.51846765
"2020-08-25","Weekday",1.51661236
"2020-08-26","Weekday",1.1612960779181678
"2020-08-27","Weekday",1.51042806
"2020-08-28","Weekday",1.50609905
"2020-08-29","Weekend / Holiday",1.550894
"2020-08-30","Weekend / Holiday",1.5476465
"2020-08-31","Weekday",1.49805946
"2020-09-01","Weekday",1.36522174
"2020-09-02","Weekday",1.2947867951223329
"2020-09-03","Weekday",1.48940144
"2020-09-04","Weekday",1.48569086
"2020-09-05","Weekend / Holiday",1.528811
"2020-09-06","Weekend / Holiday",1.5255635
"2020-09-07","Weekend / Holiday",1.2508365545902231
"2020-09-08","Weekday",1.37319109
"2020-09-09","Weekday",1.38089354
"2020-09-10","Weekday",1.46899325
"2020-09-11","Weekday",1.3111785
"2020-09-12","Weekend / Holiday",1.5020005
"2020-09-13","Weekend / Holiday",1.1729873308474756
"2020-09-14","Weekday",1.37982559
"2020-09-15","Weekday",1.40911724
"2020-09-16","Weekday",1.45044035
"2020-09-17","Weekday",1.4221608
"2020-09-18","Weekday",1.29313165
"2020-09-19","Weekend / Holiday",1.239965
"2020-09-20","Weekend / Holiday",1.3169785
"2020-09-21","Weekday",1.35818054
"2020-09-22","Weekday",1.41389645
"2020-09-23","Weekday",1.4287953
"2020-09-24","Weekday",1.309102043672487
"2020-09-25","Weekday",1.422611
"2020-09-26","Weekend / Holiday",1.4606135
"2020-09-27","Weekend / Holiday",1.457366
"2020-09-28","Weekday",1.0721499690592649
"2020-09-29","Weekday",1.1898937395296323
"2020-09-30","Weekday",0.9736515301713045
"2020-10-01","Weekday",1.175145231577397
"2020-10-02","Weekday",1.25939929
"2020-10-03","Weekend / Holiday",1.127953
"2020-10-04","Weekend / Holiday",0.9890486325321737
"2020-10-05","Weekday",1.1973867
"2020-10-06","Weekday",1.22667835
"2020-10-07","Weekday",1.1541942175549047
"2020-10-08","Weekday",0.9714552250312004
"2020-10-09","Weekday",1.1742235
"2020-10-10","Weekend / Holiday",1.4164475
"2020-10-11","Weekend / Holiday",1.04618
"2020-10-12","Weekend / Holiday",1.1834488775107246
"2020-10-13","Weekday",1.0072486199431891
"2020-10-14","Weekday",1.18754835
"2020-10-15","Weekday",0.7693438322365754
"2020-10-16","Weekday",1.08185131
"2020-10-17","Weekend / Holiday",1.140879
"2020-10-18","Weekend / Holiday",0.9778131610937261
"2020-10-19","Weekday",0.6659876266342928
"2020-10-20","Weekday",0.8779237731547939
"2020-10-21","Weekday",0.9513644799431892
"2020-10-22","Weekday",0.837501338522091
"2020-10-23","Weekday",1.0804378180415346
"2020-10-24","Weekend / Holiday",0.940663
"2020-10-25","Weekend / Holiday",0.8680895
"2020-10-26","Weekday",0.7659485995859069
"2020-10-27","Weekday",0.543138702616952
"2020-10-28","Weekday",1.0466008
"2020-10-29","Weekday",0.99673205
"2020-10-30","Weekday",0.72501176
"2020-10-31","Weekend / Holiday",0.9164505
"2020-11-01","Weekend / Holiday",0.7773145392912703
"2020-11-02","Weekday",0.87827274
"2020-11-03","Weekday",0.88001565
"2020-11-04","Weekday",1.1216011
"2020-11-05","Weekday",1.13649995
"2020-11-06","Weekday",1.12744826
"2020-11-07","Weekend / Holiday",1.158607
"2020-11-08","Weekend / Holiday",1.260738
"2020-11-09","Weekday",1.07201364
"2020-11-10","Weekday",1.28964855
"2020-11-11","Weekday",1.2397798
"2020-11-12","Weekday",0.86730991
"2020-11-13","Weekday",0.93680019
"2020-11-14","Weekend / Holiday",0.804726
"2020-11-15","Weekend / Holiday",0.6692279907194377
"2020-11-16","Weekday",0.74648926
"2020-11-17","Weekday",0.70741511
"2020-11-18","Weekday",0.69898185
"2020-11-19","Weekday",0.99937536
"2020-11-20","Weekday",0.98610704
"2020-11-21","Weekend / Holiday",0.7925665
"2020-11-22","Weekend / Holiday",0.16799230064481477
"2020-11-23","Weekday",0.71005774
"2020-11-24","Weekday",0.5974247245859069
"2020-11-25","Weekday",0.4847917091718138
"2020-11-26","Weekday",0.83257984
"2020-11-27","Weekday",0.81120101
"2020-11-28","Weekend / Holiday",0.7836545
"2020-11-29","Weekend / Holiday",0.827863
"2020-11-30","Weekday",0.07510335535073533
"2020-12-01","Weekday",0.33933887618016156
"2020-12-02","Weekday",0.69943205
"2020-12-03","Weekday",0.73355876
"2020-12-04","Weekday",0.42073994206928855
"2020-12-05","Weekend / Holiday",0.5693625
"2020-12-06","Weekend / Holiday",0.5232055
"2020-12-07","Weekday",0.56967209
"2020-12-08","Weekday",0.62364509
"2020-12-09","Weekday",0.4142824941812174
"2020-12-10","Weekday",0.769316
"2020-12-11","Weekday",0.79326654
"2020-12-12","Weekend / Holiday",0.4310772194071366
"2020-12-13","Weekend / Holiday",0.7246885
"2020-12-14","Weekday",0.61273811
"2020-12-15","Weekday",0.46397505
"2020-12-16","Weekday",0.39797059
"2020-12-17","Weekday",0.39797059
"2020-12-18","Weekday",0.53830039
"2020-12-19","Weekend / Holiday",0.4656046563604825
"2020-12-20","Weekend / Holiday",0.5734231096552376
"2020-12-21","Weekday",0.66721716
"2020-12-22","Weekday",0.67143379
"2020-12-23","Weekday",0.6732892123009118
"2020-12-24","Weekday",0.35696520515847413
"2020-12-25","Weekend / Holiday",0.3227642286973922
"2020-12-26","Weekend / Holiday",0.3930715
"2020-12-27","Weekend / Holiday",0.5702898775107246
"2020-12-28","Weekend / Holiday",0.4555203289657128
"2020-12-29","Weekday",0.51260694
"2020-12-30","Weekday",0.40469154770670007
"2020-12-31","Weekday",0.60975834
"2021-01-01","Weekend / Holiday",0.28110255459022315
"2021-01-02","Weekend / Holiday",0.17418319874474417
"2021-01-03","Weekend / Holiday",0.4319691563604825
"2021-01-04","Weekday",0.56731075
"2021-01-05","Weekday",0.466339303672487
"2021-01-06","Weekday",0.6099831
"2021-01-07","Weekday",0.56084516
"2021-01-08","Weekday",0.48949959
"2021-01-09","Weekend / Holiday",0.6520405
"2021-01-10","Weekend / Holiday",0.5636235
"2021-01-11","Weekday",0.57422586
"2021-01-12","Weekday",0.53526409
"2021-01-13","Weekday",0.66367481
"2021-01-14","Weekday",0.71106984
"2021-01-15","Weekday",0.5374259651223328
"2021-01-16","Weekend / Holiday",0.7017325
"2021-01-17","Weekend / Holiday",0.711837
"2021-01-18","Weekday",0.592554
"2021-01-19","Weekday",0.62679309
"2021-01-20","Weekday",0.52913564
"2021-01-21","Weekday",0.6850951
"2021-01-22","Weekday",0.64377199
"2021-01-23","Weekend / Holiday",0.333339
"2021-01-24","Weekend / Holiday",0.437887
"2021-01-25","Weekday",0.60801475
"2021-01-26","Weekday",0.39925832954018964
"2021-01-27","Weekday",0.47921036
"2021-01-28","Weekday",0.32274485
"2021-01-29","Weekday",0.343828
"2021-01-30","Weekend / Holiday",0.4025905
"2021-01-31","Weekend / Holiday",0.397682
"2021-02-01","Weekday",0.49939379
"2021-02-02","Weekday",0.58462611
"2021-02-03","Weekday",0.63809306
"2021-02-04","Weekday",0.5737220436724869
"2021-02-05","Weekday",0.5196804668482511
"2021-02-06","Weekend / Holiday",0.3405155
"2021-02-07","Weekend / Holiday",0.315217
"2021-02-08","Weekday",0.315217
"2021-02-09","Weekday",0.44435216
"2021-02-10","Weekday",0.44435216
"2021-02-11","Weekday",0.51940831
"2021-02-12","Weekday",0.3377554
"2021-02-13","Weekend / Holiday",0.1420071096552376
"2021-02-14","Weekend / Holiday",0.384937
"2021-02-15","Weekend / Holiday",0.28124373839427685
"2021-02-16","Weekday",0.22436028050873041
"2021-02-17","Weekday",0.50074235
"2021-02-18","Weekday",0.4453356070219619
"2021-02-19","Weekday",0.4287922405329428
"2021-02-20","Weekend / Holiday",0.525463
"2021-02-21","Weekend / Holiday",0.5654125
"2021-02-22","Weekday",0.4707058659414785
"2021-02-23","Weekday",0.81609056
"2021-02-24","Weekday",0.90975614
"2021-02-25","Weekday",0.72872166
"2021-02-26","Weekday",0.72821561
"2021-02-27","Weekend / Holiday",0.5862605059899377
"2021-02-28","Weekend / Holiday",0.7218481563604825
"2021-03-01","Weekday",0.88861646
"2021-03-02","Weekday",0.70460221
"2021-03-03","Weekday",0.95597016
"2021-03-04","Weekday",0.73237571
"2021-03-05","Weekday",0.74986066
"2021-03-06","Weekend / Holiday",0.6029025
"2021-03-07","Weekend / Holiday",0.58576
"2021-03-08","Weekday",0.91385971
"2021-03-09","Weekday",1.01410326
"2021-03-10","Weekday",1.07476661
"2021-03-11","Weekday",1.06623536
"2021-03-12","Weekday",1.13492391
"2021-03-13","Weekend / Holiday",0.886627
"2021-03-14","Weekend / Holiday",0.8083145
"2021-03-15","Weekday",0.66563976
"2021-03-16","Weekday",0.81985631
"2021-03-17","Weekday",0.93089446
"2021-03-18","Weekday",0.99875421
"2021-03-19","Weekday",0.79674896
"2021-03-20","Weekend / Holiday",1.0806355
"2021-03-21","Weekend / Holiday",1.018635
"2021-03-22","Weekday",1.07229221
"2021-03-23","Weekday",1.13717219
"2021-03-24","Weekday",1.0561579568362436
"2021-03-25","Weekday",1.237412653026793
"2021-03-26","Weekday",0.46464554617569503
"2021-03-27","Weekend / Holiday",0.960638
"2021-03-28","Weekend / Holiday",0.7565193131135076
"2021-03-29","Weekday",0.98239306
"2021-03-30","Weekday",1.23376101
"2021-03-31","Weekday",1.22246036
"2021-04-01","Weekday",0.86573251
"2021-04-02","Weekend / Holiday",0.9073685
"2021-04-03","Weekend / Holiday",1.0241505
"2021-04-04","Weekend / Holiday",1.170128
"2021-04-05","Weekend / Holiday",1.1652195
"2021-04-06","Weekday",1.16185286
"2021-04-07","Weekday",1.26209641
"2021-04-08","Weekday",1.1942943068362435
"2021-04-09","Weekday",1.126492203672487
"2021-04-10","Weekend / Holiday",1.462839
"2021-04-11","Weekend / Holiday",0.9190365863959673
"2021-04-12","Weekday",0.7852481790592648
"2021-04-13","Weekday",1.22667631
"2021-04-14","Weekday",1.18935946
"2021-04-15","Weekday",0.9172385095859069
"2021-04-16","Weekday",1.091097067021962
"2021-04-17","Weekend / Holiday",1.1376425
"2021-04-18","Weekend / Holiday",1.1937357550214491
"2021-04-19","Weekday",1.2644572023009117
"2021-04-20","Weekday",0.9224177
"2021-04-21","Weekday",0.735483697579237
"2021-04-22","Weekday",1.02174714
"2021-04-23","Weekday",1.51717426
"2021-04-24","Weekend / Holiday",1.4479645
"2021-04-25","Weekend / Holiday",1.1608968515300744
"2021-04-26","Weekday",0.94271351
"2021-04-27","Weekday",0.9387187947321907
"2021-04-28","Weekday",0.9327670600649951
"2021-04-29","Weekday",0.7869187678537043
"2021-04-30","Weekday",1.22330219
"2021-05-01","Weekend / Holiday",1.231575
"2021-05-02","Weekend / Holiday",1.458463
"2021-05-03","Weekday",1.063633698215301
"2021-05-04","Weekday",1.0020206661801616
"2021-05-05","Weekday",1.2529324368362436
"2021-05-06","Weekday",1.30353054
"2021-05-07","Weekday",1.18788209
"2021-05-08","Weekend / Holiday",1.3360485
"2021-05-09","Weekend / Holiday",1.260515
"2021-05-10","Weekday",1.38960605
"2021-05-11","Weekday",1.29430994
"2021-05-12","Weekday",1.53066666
"2021-05-13","Weekday",1.48214715
"2021-05-14","Weekday",1.57395744
"2021-05-15","Weekend / Holiday",1.6424735
"2021-05-16","Weekend / Holiday",1.5920575
"2021-05-17","Weekday",1.5957714
"2021-05-18","Weekday",1.59762669
"2021-05-19","Weekday",1.60010041
"2021-05-20","Weekday",1.6019557
"2021-05-21","Weekday",1.60381099
"2021-05-22","Weekend / Holiday",1.6580615
"2021-05-23","Weekend / Holiday",1.66001
"2021-05-24","Weekend / Holiday",1.518579
"2021-05-25","Weekday",1.61123215
"2021-05-26","Weekday",1.3949467446018236
"2021-05-27","Weekday",1.53280256
"2021-05-28","Weekday",0.7724009941385772
"2021-05-29","Weekend / Holiday",1.4413845
"2021-05-30","Weekend / Holiday",1.5487115
"2021-05-31","Weekday",1.6205086
"2021-06-01","Weekday",1.62174546
"2021-06-02","Weekday",1.3178700699431891
"2021-06-03","Weekday",1.369215057579237
"2021-06-04","Weekday",1.62545604
"2021-06-05","Weekend / Holiday",1.679495
"2021-06-06","Weekend / Holiday",1.680794
"2021-06-07","Weekday",1.62854819
"2021-06-08","Weekday",1.3412120345768666
"2021-06-09","Weekday",1.62978505
"2021-06-10","Weekday",1.63102191
"2021-06-11","Weekday",1.6328772
"2021-06-12","Weekend / Holiday",1.68599
"2021-06-13","Weekend / Holiday",1.687289
"2021-06-14","Weekday",1.3069030169027354
"2021-06-15","Weekday",1.63411406
"2021-06-16","Weekday",1.63473249
"2021-06-17","Weekday",1.63473249
"2021-06-18","Weekday",1.1587587555593486
"2021-06-19","Weekend / Holiday",1.6879385
"2021-06-20","Weekend / Holiday",1.6879385
"2021-06-21","Weekday",1.3461594745768666
"2021-06-22","Weekday",1.61674149
"2021-06-23","Weekday",1.63596935
"2021-06-24","Weekday",1.63473249
"2021-06-25","Weekday",1.1557445687577206
"2021-06-26","Weekend / Holiday",1.4743396146096497
"2021-06-27","Weekend / Holiday",1.687289
"2021-06-28","Weekday",1.63411406
"2021-06-29","Weekday",1.1485964338686163
"2021-06-30","Weekday",1.63164034
"2021-07-01","Weekend / Holiday",1.6840415
"2021-07-02","Weekday",1.116125366083069
"2021-07-03","Weekend / Holiday",1.6827425
"2021-07-04","Weekend / Holiday",1.6814435
"2021-07-05","Weekday",1.62792976
"2021-07-06","Weekday",1.6266929
"2021-07-07","Weekday",1.3081845542332824
"2021-07-08","Weekday",0.9595876232433241
"2021-07-09","Weekday",1.4216417096220064
"2021-07-10","Weekend / Holiday",1.674299
"2021-07-11","Weekend / Holiday",1.5483796260212772
"2021-07-12","Weekday",1.61927174
"2021-07-13","Weekday",1.424055390085652
"2021-07-14","Weekday",1.61617959
"2021-07-15","Weekday",1.0768197582219792
"2021-07-16","Weekday",1.61246901
"2021-07-17","Weekend / Holiday",1.456739328965713
"2021-07-18","Weekend / Holiday",1.661309
"2021-07-19","Weekday",1.661309
"2021-07-20","Weekday",NULL
"2021-07-21","Weekday",1.6019557
"2021-07-22","Weekday",1.6019557
"2021-07-23","Weekday",1.60010041
"2021-07-24","Weekend / Holiday",1.1812468405485694
"2021-07-25","Weekend / Holiday",1.64702
"2021-07-26","Weekday",1.59391611
"2021-07-27","Weekday",1.2490041762702822
"2021-07-28","Weekday",1.5895871
"2021-07-29","Weekday",1.099954386430602
"2021-07-30","Weekday",1.58525809
"2021-07-31","Weekend / Holiday",1.63403
"2021-08-01","Weekend / Holiday",1.5824118775107245
"2021-08-02","Weekend / Holiday",1.628834
"2021-08-03","Weekday",1.57536321
"2021-08-04","Weekday",1.57227106
"2021-08-05","Weekday",1.56979734
"2021-08-06","Weekday",1.56794205
"2021-08-07","Weekend / Holiday",1.4820765947102856
"2021-08-08","Weekend / Holiday",1.6125965
"2021-08-09","Weekday",1.56052089
"2021-08-10","Weekday",1.4991281868362434
"2021-08-11","Weekday",1.406935620882376
"2021-08-12","Weekday",1.4434109523009118
"2021-08-13","Weekday",1.4923254568362434
"2021-08-14","Weekend / Holiday",1.59506
"2021-08-15","Weekend / Holiday",1.5931115
"2021-08-16","Weekday",1.54134956
"2021-08-17","Weekday",1.53887584
"2021-08-18","Weekday",1.4348041698110032
"2021-08-19","Weekday",1.5339284
"2021-08-20","Weekday",1.53083625
"2021-08-21","Weekend / Holiday",1.575575
"2021-08-22","Weekend / Holiday",1.5723275
"2021-08-23","Weekday",1.5215598
"2021-08-24","Weekday",1.51970451
"2021-08-25","Weekday",1.51661236
"2021-08-26","Weekday",1.396919103672487
"2021-08-27","Weekday",1.51104649
"2021-08-28","Weekend / Holiday",1.458049755021449
"2021-08-29","Weekend / Holiday",1.4677631242548412
"2021-08-30","Weekday",1.419320607021962
"2021-08-31","Weekday",1.49867789
"2021-09-01","Weekday",1.49558574
"2021-09-02","Weekday",1.49249359
"2021-09-03","Weekday",1.4906383
"2021-09-04","Weekend / Holiday",1.3882456325321737
"2021-09-05","Weekend / Holiday",1.453629330546863
"2021-09-06","Weekend / Holiday",1.2802197520425544
"2021-09-07","Weekday",0.8357267551986783
"2021-09-08","Weekday",0.960281006083069
"2021-09-09","Weekday",1.4720854
"2021-09-10","Weekday",1.46899325
"2021-09-11","Weekend / Holiday",1.510625
"2021-09-12","Weekend / Holiday",1.3108951026204891
"2021-09-13","Weekday",1.46095366
"2021-09-14","Weekday",0.9653754571831569
"2021-09-15","Weekday",1.4535325
"2021-09-16","Weekday",1.45044035
"2021-09-17","Weekday",1.4473482
"2021-09-18","Weekend / Holiday",1.4878925
"2021-09-19","Weekend / Holiday",1.485944
"2021-09-20","Weekday",1.43930861
"2021-09-21","Weekday",1.1506032460535862
"2021-09-22","Weekday",0.6177645309367913
"2021-09-23","Weekday",1.1812747926646685
"2021-09-24","Weekday",1.34294455
"2021-09-25","Weekend / Holiday",1.3326915947102858
"2021-09-26","Weekend / Holiday",1.2697290100428982
"2021-09-27","Weekday",1.3085932123009119
"2021-09-28","Weekday",1.34856695
"2021-09-29","Weekday",1.4102424
"2021-09-30","Weekday",1.37116825
"2021-10-01","Weekday",1.3320941
"2021-10-02","Weekend / Holiday",1.4437265
"2021-10-03","Weekend / Holiday",0.9554188902835924
"2021-10-04","Weekday",0.9463815917647519
"2021-10-05","Weekday",1.3197255
"2021-10-06","Weekday",1.31663335
"2021-10-07","Weekday",1.35435826
"2021-10-08","Weekday",1.36565891
"2021-10-09","Weekend / Holiday",1.23550515706614
"2021-10-10","Weekend / Holiday",1.1610283727645234
"2021-10-11","Weekend / Holiday",1.414499
"2021-10-12","Weekday",1.37128131
"2021-10-13","Weekday",1.36818916
"2021-10-14","Weekday",1.241422860532943
"2021-10-15","Weekday",0.8105531718829571
"2021-10-16","Weekend / Holiday",1.0818736325321736
"2021-10-17","Weekend / Holiday",1.2284655
"2021-10-18","Weekday",1.14763101
"2021-10-19","Weekday",1.34963626
"2021-10-20","Weekday",1.2168979868362435
"2021-10-21","Weekday",1.013736051273894
"2021-10-22","Weekday",0.98835464
"2021-10-23","Weekend / Holiday",0.9765345
"2021-10-24","Weekend / Holiday",0.8688180241380941
"2021-10-25","Weekday",0.45959886858889715
"2021-10-26","Weekday",0.5954058515988285
"2021-10-27","Weekday",1.13604975
"2021-10-28","Weekday",1.00106106
"2021-10-29","Weekday",0.5560225315261914
"2021-10-30","Weekend / Holiday",0.6131839690814473
"2021-10-31","Weekend / Holiday",1.20256
"2021-11-01","Weekday",1.00370369
"2021-11-02","Weekday",0.96103134
"2021-11-03","Weekday",0.88001565
"2021-11-04","Weekday",0.8805217
"2021-11-05","Weekday",0.95063041
"2021-11-06","Weekend / Holiday",0.998085
"2021-11-07","Weekend / Holiday",1.113749
"2021-11-08","Weekday",1.14470845
"2021-11-09","Weekday",0.9295381268482511
"2021-11-10","Weekday",1.00179255
"2021-11-11","Weekday",0.9812169068362435
"2021-11-12","Weekday",0.8358678500856521
"2021-11-13","Weekend / Holiday",0.8324415
"2021-11-14","Weekend / Holiday",0.4135948338004232
"2021-11-15","Weekday",0.7137344815773969
"2021-11-16","Weekday",0.82205146
"2021-11-17","Weekday",1.0331084
"2021-11-18","Weekday",0.9873453568362435
"2021-11-19","Weekday",0.80147436
"2021-11-20","Weekend / Holiday",0.750956
"2021-11-21","Weekend / Holiday",0.6319761688242962
"2021-11-22","Weekday",0.72332606
"2021-11-23","Weekday",0.72085234
"2021-11-24","Weekday",0.81974665
"2021-11-25","Weekday",0.3807189564584762
"2021-11-26","Weekday",0.7087085
"2021-11-27","Weekend / Holiday",0.5334165
"2021-11-28","Weekend / Holiday",0.24002938755362271
"2021-11-29","Weekday",0.57062766
"2021-11-30","Weekday",0.5321766233171463
"2021-12-01","Weekday",0.72945451
"2021-12-02","Weekday",0.8026555023009118
"2021-12-03","Weekday",0.61903479
"2021-12-04","Weekend / Holiday",0.705885
"2021-12-05","Weekend / Holiday",0.25052722028829016
"2021-12-06","Weekday",0.6576482731547938
"2021-12-07","Weekday",0.50614135
"2021-12-08","Weekday",0.35604294053294283
"2021-12-09","Weekday",0.48186806
"2021-12-10","Weekday",0.7765124
"2021-12-11","Weekend / Holiday",0.5710606701054003
"2021-12-12","Weekend / Holiday",0.7219095
"2021-12-13","Weekday",0.84662111
"2021-12-14","Weekday",0.71225085
"2021-12-15","Weekday",0.7587975298110032
"2021-12-16","Weekday",0.95928979
"2021-12-17","Weekday",0.74339779
"2021-12-18","Weekend / Holiday",0.294125491640589
"2021-12-19","Weekend / Holiday",0.363876
"2021-12-20","Weekday",0.65344279
"2021-12-21","Weekday",0.68880636
"2021-12-22","Weekday",0.68942479
"2021-12-23","Weekday",0.3483875005087304
"2021-12-24","Weekday",0.65704099
"2021-12-25","Weekend / Holiday",0.518415491640589
"2021-12-26","Weekend / Holiday",0.6214395
"2021-12-27","Weekend / Holiday",0.4523821096552376
"2021-12-28","Weekend / Holiday",0.6118035
"2021-12-29","Weekday",0.63432731
"2021-12-30","Weekday",0.64933854
"2021-12-31","Weekend / Holiday",0.702169
"2022-01-01","Weekend / Holiday",0.5340312193104753
"2022-01-02","Weekend / Holiday",0.33423437751072455
"2022-01-03","Weekday",0.40055669
"2022-01-04","Weekday",0.63927475
"2022-01-05","Weekday",0.69448461
"2022-01-06","Weekday",0.4912425
"2022-01-07","Weekday",0.36654236
"2022-01-08","Weekend / Holiday",0.5004208775107245
"2022-01-09","Weekend / Holiday",0.6398065
"2022-01-10","Weekday",0.32285791
"2022-01-11","Weekday",0.4974268
"2022-01-12","Weekday",0.61380606
"2022-01-13","Weekday",0.58091621
"2022-01-14","Weekday",0.53115984
"2022-01-15","Weekend / Holiday",0.009303
"2022-01-16","Weekend / Holiday",0.321439524138094
"2022-01-17","Weekday",-0.026804857272640113
"2022-01-18","Weekday",0.5054678468362435
"2022-01-19","Weekday",0.70595349
"2022-01-20","Weekday",0.28620095
"2022-01-21","Weekday",0.2461147
"2022-01-22","Weekend / Holiday",0.3586375
"2022-01-23","Weekend / Holiday",0.3653135
"2022-01-24","Weekday",0.33606453981100326
"2022-01-25","Weekday",0.36929669
"2022-01-26","Weekday",0.28901181
"2022-01-27","Weekday",0.46841576
"2022-01-28","Weekday",0.45947645
"2022-01-29","Weekend / Holiday",0.113883
"2022-01-30","Weekend / Holiday",0.3332645
"2022-01-31","Weekday",0.54965621
"2022-02-01","Weekday",0.71466736
"2022-02-02","Weekday",0.32339916924401296
"2022-02-03","Weekday",0.3877516
"2022-02-04","Weekday",0.2146313968362435
"2022-02-05","Weekend / Holiday",0.27202
"2022-02-06","Weekend / Holiday",0.547844
"2022-02-07","Weekday",0.67615511
"2022-02-08","Weekday",0.60008686
"2022-02-09","Weekday",0.73991061
"2022-02-10","Weekday",0.6913911
"2022-02-11","Weekday",0.5279398675549046
"2022-02-12","Weekend / Holiday",0.6032973775107245
"2022-02-13","Weekend / Holiday",0.1846465
"2022-02-14","Weekday",0.31391724
"2022-02-15","Weekday",0.52570499
"2022-02-16","Weekday",0.86702794
"2022-02-17","Weekday",0.15278582610638242
"2022-02-18","Weekday",0.41181384
"2022-02-19","Weekend / Holiday",0.550112
"2022-02-20","Weekend / Holiday",0.7817275
"2022-02-21","Weekend / Holiday",0.768663
"2022-02-22","Weekday",0.47446001246821135
"2022-02-23","Weekday",0.94562576
"2022-02-24","Weekday",0.49050965
"2022-02-25","Weekday",0.37586813981100325
"2022-02-26","Weekend / Holiday",0.5361425
"2022-02-27","Weekend / Holiday",0.640041
"2022-02-28","Weekday",0.56764585
"2022-03-01","Weekday",0.83464346
"2022-03-02","Weekday",0.7314215968362435
"2022-03-03","Weekday",0.5301457
"2022-03-04","Weekday",0.73473705
"2022-03-05","Weekend / Holiday",0.720696
"2022-03-06","Weekend / Holiday",1.0941287383942768
"2022-03-07","Weekday",0.5552495
"2022-03-08","Weekday",0.79028405
"2022-03-09","Weekday",0.8149654
"2022-03-10","Weekday",0.81086115
"2022-03-11","Weekday",0.46961260757923706
"2022-03-12","Weekend / Holiday",0.5476845
"2022-03-13","Weekend / Holiday",0.678649
"2022-03-14","Weekday",0.85201535
"2022-03-15","Weekday",0.4163090287382517
"2022-03-16","Weekday",0.76104825
"2022-03-17","Weekday",1.0663892
"2022-03-18","Weekday",1.15943635
"2022-03-19","Weekend / Holiday",0.6550225545902232
"2022-03-20","Weekend / Holiday",1.1060231096552375
"2022-03-21","Weekday",1.2154894
"2022-03-22","Weekday",0.87315435
"2022-03-23","Weekday",0.2731111086528294
"2022-03-24","Weekday",1.01370891
"2022-03-25","Weekday",0.94843526
"2022-03-26","Weekend / Holiday",0.8655425
"2022-03-27","Weekend / Holiday",0.6295863775107245
"2022-03-28","Weekday",0.57866385
"2022-03-29","Weekday",0.81327766
"2022-03-30","Weekday",0.7309547500856521
"2022-03-31","Weekday",1.1112253270219619
"2022-04-01","Weekday",0.7958999298110032
"2022-04-02","Weekend / Holiday",0.913576
"2022-04-03","Weekend / Holiday",1.0024615
"2022-04-04","Weekday",1.02613336
"2022-04-05","Weekday",1.00320931
"2022-04-06","Weekday",0.8081087199431892
"2022-04-07","Weekday",0.999980166185976
"2022-04-08","Weekday",0.9836012670219619
"2022-04-09","Weekend / Holiday",0.979388830546863
"2022-04-10","Weekend / Holiday",1.0023251737844125
"2022-04-11","Weekday",1.0252615170219619
"2022-04-12","Weekday",1.3159005
"2022-04-13","Weekday",0.981848357579237
"2022-04-14","Weekday",1.2337617868362434
"2022-04-15","Weekend / Holiday",1.1426043515300743
"2022-04-16","Weekend / Holiday",1.1190839257650371
"2022-04-17","Weekend / Holiday",1.0955635
"2022-04-18","Weekend / Holiday",0.6105848780638317
"2022-04-19","Weekday",0.8712865531547939
"2022-04-20","Weekday",1.14088141
"2022-04-21","Weekday",1.1066471727518277
"2022-04-22","Weekday",1.18664591
"2022-04-23","Weekend / Holiday",1.134789
"2022-04-24","Weekend / Holiday",1.2889225
"2022-04-25","Weekday",0.9541842323603231
"2022-04-26","Weekday",1.0616643840439237
"2022-04-27","Weekday",1.024558
"2022-04-28","Weekday",1.22431429
"2022-04-29","Weekday",1.21301364
"2022-04-30","Weekend / Holiday",1.268458
"2022-05-01","Weekend / Holiday",1.058090862131989
"2022-05-02","Weekday",1.2492204
"2022-05-03","Weekday",0.843421045813815
"2022-05-04","Weekday",1.2001333186678644
"2022-05-05","Weekday",1.28964379
"2022-05-06","Weekday",1.32090311
"2022-05-07","Weekend / Holiday",1.296099
"2022-05-08","Weekend / Holiday",1.3632955
"2022-05-09","Weekday",1.4764689
"2022-05-10","Weekday",1.47472599
"2022-05-11","Weekday",1.48861274
"2022-05-12","Weekday",1.58463966
"2022-05-13","Weekday",1.58649495
"2022-05-14","Weekend / Holiday",1.639226
"2022-05-15","Weekend / Holiday",1.641824
"2022-05-16","Weekday",1.3011764841812175
"2022-05-17","Weekday",1.50457954
"2022-05-18","Weekday",1.31275046
"2022-05-19","Weekday",1.2737780492184276
"2022-05-20","Weekday",1.6019557
"2022-05-21","Weekend / Holiday",1.4531146685232652
"2022-05-22","Weekend / Holiday",1.561320255021449
"2022-05-23","Weekend / Holiday",1.658711
"2022-05-24","Weekday",1.46544886
"2022-05-25","Weekday",1.61123215
"2022-05-26","Weekday",1.571244293510981
"2022-05-27","Weekday",1.4111283996220065
"2022-05-28","Weekend / Holiday",1.667804
"2022-05-29","Weekend / Holiday",1.6697525
"2022-05-30","Weekday",1.61865331
"2022-05-31","Weekday",1.6205086
"2022-06-01","Weekday",1.3577784786678644
"2022-06-02","Weekday",1.62360075
"2022-06-03","Weekday",1.531419481577397
"2022-06-04","Weekend / Holiday",1.678196
"2022-06-05","Weekend / Holiday",1.6311243775107245
"2022-06-06","Weekday",1.1553089323719519
"2022-06-07","Weekday",1.0283072576110135
"2022-06-08","Weekday",1.440869666185976
"2022-06-09","Weekday",1.268039630928521
"2022-06-10","Weekday",1.63102191
"2022-06-11","Weekend / Holiday",1.684691
"2022-06-12","Weekend / Holiday",1.5725508349819164
"2022-06-13","Weekday",1.6328772
"2022-06-14","Weekday",1.63349563
"2022-06-15","Weekday",1.63411406
"2022-06-16","Weekday",1.63473249
"2022-06-17","Weekday",1.661335495
"2022-06-18","Weekend / Holiday",1.6879385
"2022-06-19","Weekend / Holiday",1.6879385
"2022-06-20","Weekday",1.63473249
"2022-06-21","Weekday",1.63473249
"2022-06-22","Weekday",1.63473249
"2022-06-23","Weekday",1.63596935
"2022-06-24","Weekday",1.63473249
"2022-06-25","Weekend / Holiday",1.6879385
"2022-06-26","Weekend / Holiday",1.6395678775107245
"2022-06-27","Weekday",1.63411406
"2022-06-28","Weekday",1.63411406
"2022-06-29","Weekday",1.4395161400856522
"2022-06-30","Weekday",1.63164034
"2022-07-01","Weekend / Holiday",1.5200087383942769
"2022-07-02","Weekend / Holiday",1.6840415
"2022-07-03","Weekend / Holiday",1.6827425
"2022-07-04","Weekday",1.62978505
"2022-07-05","Weekday",1.287982039059265
"2022-07-06","Weekday",1.6266929
"2022-07-07","Weekday",1.6266929
"2022-07-08","Weekday",1.62483761
"2022-07-09","Weekend / Holiday",1.6762475
"2022-07-10","Weekend / Holiday",1.674299
"2022-07-11","Weekday",1.3849274935430607
"2022-07-12","Weekday",1.536822307021962
"2022-07-13","Weekday",1.61741645
"2022-07-14","Weekday",1.61617959
"2022-07-15","Weekday",1.6143243
"2022-07-16","Weekend / Holiday",1.665206
"2022-07-17","Weekend / Holiday",1.6645565
"2022-07-18","Weekday",0.9555732038054707
"2022-07-19","Weekday",1.60814
"2022-07-20","Weekday",1.60628471
"2022-07-21","Weekday",1.604120205
"2022-07-22","Weekday",1.6019557
"2022-07-23","Weekend / Holiday",1.6515665
"2022-07-24","Weekend / Holiday",1.2620035200857964
"2022-07-25","Weekday",1.5957714
"2022-07-26","Weekday",1.59391611
"2022-07-27","Weekday",1.59144239
"2022-07-28","Weekday",1.5312865468362435
"2022-07-29","Weekday",1.58773181
"2022-07-30","Weekend / Holiday",1.6359785
"2022-07-31","Weekend / Holiday",1.63403
"2022-08-01","Weekend / Holiday",1.4240315859889627
"2022-08-02","Weekday",1.57845536
"2022-08-03","Weekday",1.5176810868362436
"2022-08-04","Weekday",1.0828771571831568
"2022-08-05","Weekday",1.5710342
"2022-08-06","Weekend / Holiday",1.6177925
"2022-08-07","Weekend / Holiday",1.615844
"2022-08-08","Weekday",1.4463935036724869
"2022-08-09","Weekday",1.56052089
"2022-08-10","Weekday",1.5586656
"2022-08-11","Weekday",1.55557345
"2022-08-12","Weekday",1.55371816
"2022-08-13","Weekend / Holiday",1.5996065
"2022-08-14","Weekend / Holiday",1.5970085
"2022-08-15","Weekday",1.54506014
"2022-08-16","Weekday",1.54196799
"2022-08-17","Weekday",1.53887584
"2022-08-18","Weekday",1.53702055
"2022-08-19","Weekday",1.5339284
"2022-08-20","Weekend / Holiday",1.4603391563604824
"2022-08-21","Weekend / Holiday",1.4603391563604824
"2022-08-22","Weekday",1.52341509
"2022-08-23","Weekday",1.52341509
"2022-08-24","Weekday",1.51970451
"2022-08-25","Weekday",1.3569497195859068
"2022-08-26","Weekday",1.51413864
"2022-08-27","Weekend / Holiday",1.5580385
"2022-08-28","Weekend / Holiday",1.554791
"2022-08-29","Weekday",1.50609905
"2022-08-30","Weekday",1.2591181882153009
"2022-08-31","Weekday",1.49991475
"2022-09-01","Weekday",1.49558574
"2022-09-02","Weekday",1.49373045
"2022-09-03","Weekend / Holiday",1.536605
"2022-09-04","Weekend / Holiday",1.5333575
"2022-09-05","Weekend / Holiday",1.53011
"2022-09-06","Weekday",1.48259871
"2022-09-07","Weekday",1.47950656
"2022-09-08","Weekday",1.47641441
"2022-09-09","Weekday",1.4720854
"2022-09-10","Weekend / Holiday",1.5151715
"2022-09-11","Weekend / Holiday",1.3544443829707393
"2022-09-12","Weekday",1.1937172659414785
"2022-09-13","Weekday",1.46095366
"2022-09-14","Weekday",1.45786151
"2022-09-15","Weekday",1.36481436
"2022-09-16","Weekday",1.45167721
"2022-09-17","Weekend / Holiday",1.492439
"2022-09-18","Weekend / Holiday",1.2868426685232652
"2022-09-19","Weekday",1.44240076
"2022-09-20","Weekday",1.43930861
"2022-09-21","Weekday",1.43621646
"2022-09-22","Weekday",1.38274951
"2022-09-23","Weekday",1.31488976
"2022-09-24","Weekend / Holiday",1.3351325
"2022-09-25","Weekend / Holiday",0.8451079041465345
"2022-09-26","Weekday",1.0220902599431891
"2022-09-27","Weekday",0.9851625445768665
"2022-09-28","Weekday",1.22386681
"2022-09-29","Weekday",1.18119446
"2022-09-30","Weekday",1.23207531
"2022-10-01","Weekend / Holiday",1.336868
"2022-10-02","Weekend / Holiday",1.187462
"2022-10-03","Weekday",1.18321866
"2022-10-04","Weekday",1.27727791
"2022-10-05","Weekday",1.39292636
"2022-10-06","Weekday",1.37184321
"2022-10-07","Weekday",1.132197457021962
"2022-10-08","Weekend / Holiday",1.0857675
"2022-10-09","Weekend / Holiday",1.261952
"2022-10-10","Weekend / Holiday",1.1608325
"2022-10-11","Weekday",1.27784049
"2022-10-12","Weekday",1.092029028215301
"2022-10-13","Weekday",0.7873716878537044
"2022-10-14","Weekday",0.9198619500856522
"2022-10-15","Weekend / Holiday",1.0389951563604825
"2022-10-16","Weekend / Holiday",1.158309
"2022-10-17","Weekday",0.88722576
"2022-10-18","Weekday",0.7555857996220064
"2022-10-19","Weekday",0.8271050998110032
"2022-10-20","Weekday",0.8986244
"2022-10-21","Weekday",1.09219639
"2022-10-22","Weekend / Holiday",1.277476
"2022-10-23","Weekend / Holiday",1.1654215
"2022-10-24","Weekday",1.1921028
"2022-10-25","Weekday",1.15302865
"2022-10-26","Weekday",0.7521960645067923
"2022-10-27","Weekday",0.99335861
"2022-10-28","Weekday",0.95490289
"2022-10-29","Weekend / Holiday",1.1064555
"2022-10-30","Weekend / Holiday",1.0141415
"2022-10-31","Weekday",0.7520237012738941
"2022-11-01","Weekday",1.1433041368362435
"2022-11-02","Weekday",0.9363514468362435
"2022-11-03","Weekday",1.0508192268362435
"2022-11-04","Weekday",1.1652870068362435
"2022-11-05","Weekend / Holiday",1.1946946325321737
"2022-11-06","Weekend / Holiday",1.1414645
"2022-11-07","Weekday",1.0758366
"2022-11-08","Weekday",0.91318679
"2022-11-09","Weekday",0.9257243
"2022-11-10","Weekday",1.12177001
"2022-11-11","Weekday",0.6865862624682114
"2022-11-12","Weekend / Holiday",0.9545163775107246
"2022-11-13","Weekend / Holiday",0.7032445
"2022-11-14","Weekday",0.7550349
"2022-11-15","Weekday",0.3826813299431892
"2022-11-16","Weekday",0.40238055127389405
"2022-11-17","Weekday",0.65046234
"2022-11-18","Weekday",0.67379445
"2022-11-19","Weekend / Holiday",0.5136015
"2022-11-20","Weekend / Holiday",0.430093
"2022-11-21","Weekday",0.82233275
"2022-11-22","Weekday",0.72692426
"2022-11-23","Weekday",0.7868568
"2022-11-24","Weekday",0.70584111
"2022-11-25","Weekday",0.7196156123009118
"2022-11-26","Weekend / Holiday",0.849371
"2022-11-27","Weekend / Holiday",0.5277956146096497
"2022-11-28","Weekday",0.69482175
"2022-11-29","Weekday",0.78292146
"2022-11-30","Weekday",0.24691500865282942
"2022-12-01","Weekday",0.60053774
"2022-12-02","Weekday",0.6228486168482511
"2022-12-03","Weekend / Holiday",0.6039828875536227
"2022-12-04","Weekend / Holiday",0.571311
"2022-12-05","Weekday",0.74187964
"2022-12-06","Weekday",0.76161355
"2022-12-07","Weekday",0.82514429
"2022-12-08","Weekday",0.74176726
"2022-12-09","Weekday",0.5642186
"2022-12-10","Weekend / Holiday",0.462866
"2022-12-11","Weekend / Holiday",0.28791998454072376
"2022-12-12","Weekday",0.48320291
"2022-12-13","Weekday",0.53357771
"2022-12-14","Weekday",0.55033185
"2022-12-15","Weekday",-0.08693217491728247
"2022-12-16","Weekday",0.4298908459414785
"2022-12-17","Weekend / Holiday",0.5480355
"2022-12-18","Weekend / Holiday",0.5113335
